x-axis,1
second,Volt
-204.2000E-03,
-203.9500E-03,
-203.7000E-03,+1.2864321E+00
-203.4500E-03,+1.3253769E+00
-203.2000E-03,+1.3555276E+00
-202.9500E-03,+1.4070352E+00
-202.7000E-03,+1.4786432E+00
-202.4500E-03,+1.4874372E+00
-202.2000E-03,+1.5163316E+00
-201.9500E-03,+1.5678392E+00
-201.7000E-03,+1.6080402E+00
-201.4500E-03,+1.6482412E+00
-201.2000E-03,+1.6884422E+00
-200.9500E-03,+1.7097990E+00
-200.7000E-03,+1.7688442E+00
-200.4500E-03,+1.8479899E+00
-200.2000E-03,+1.8492462E+00
-199.9500E-03,+1.8706030E+00
-199.7000E-03,+1.9384422E+00
-199.4500E-03,+1.9698492E+00
-199.2000E-03,+2.0100502E+00
-198.9500E-03,+2.0502512E+00
-198.7000E-03,+2.0904522E+00
-198.4500E-03,+2.1306532E+00
-198.2000E-03,+2.1708542E+00
-197.9500E-03,+2.2110553E+00
-197.7000E-03,+2.2512563E+00
-197.4500E-03,+2.2512563E+00
-197.2000E-03,+2.3027638E+00
-196.9500E-03,+2.3718593E+00
-196.7000E-03,+2.3718593E+00
-196.4500E-03,+2.4120603E+00
-196.2000E-03,+2.4522613E+00
-195.9500E-03,+2.4924623E+00
-195.7000E-03,+2.4924623E+00
-195.4500E-03,+2.5326633E+00
-195.2000E-03,+2.5728643E+00
-194.9500E-03,+2.6130653E+00
-194.7000E-03,+2.6130653E+00
-194.4500E-03,+2.6532663E+00
-194.2000E-03,+2.6645728E+00
-193.9500E-03,+2.7148241E+00
-193.7000E-03,+2.7650753E+00
-193.4500E-03,+2.7738693E+00
-193.2000E-03,+2.7738693E+00
-192.9500E-03,+2.7738693E+00
-192.7000E-03,+2.8140703E+00
-192.4500E-03,+2.8153266E+00
-192.2000E-03,+2.8542713E+00
-191.9500E-03,+2.8542713E+00
-191.7000E-03,+2.8630653E+00
-191.4500E-03,+2.8944723E+00
-191.2000E-03,+2.8944723E+00
-190.9500E-03,+2.9158291E+00
-190.7000E-03,+2.8944723E+00
-190.4500E-03,+2.9334171E+00
-190.2000E-03,+2.9057789E+00
-189.9500E-03,+2.9133166E+00
-189.7000E-03,+2.9660804E+00
-189.4500E-03,+2.9346733E+00
-189.2000E-03,+2.9346733E+00
-188.9500E-03,+2.8944723E+00
-188.7000E-03,+2.9346733E+00
-188.4500E-03,+2.9346733E+00
-188.2000E-03,+2.9057789E+00
-187.9500E-03,+2.9158291E+00
-187.7000E-03,+2.9258794E+00
-187.4500E-03,+2.9334171E+00
-187.2000E-03,+2.8831658E+00
-186.9500E-03,+2.8756281E+00
-186.7000E-03,+2.8630653E+00
-186.4500E-03,+2.8542713E+00
-186.2000E-03,+2.8140703E+00
-185.9500E-03,+2.8329145E+00
-185.7000E-03,+2.8140703E+00
-185.4500E-03,+2.7751256E+00
-185.2000E-03,+2.7738693E+00
-184.9500E-03,+2.7525125E+00
-184.7000E-03,+2.7022613E+00
-184.4500E-03,+2.6934673E+00
-184.2000E-03,+2.6532663E+00
-183.9500E-03,+2.6532663E+00
-183.7000E-03,+2.6130653E+00
-183.4500E-03,+2.5728643E+00
-183.2000E-03,+2.5615578E+00
-182.9500E-03,+2.5326633E+00
-182.7000E-03,+2.5012563E+00
-182.4500E-03,+2.4535176E+00
-182.2000E-03,+2.4522613E+00
-181.9500E-03,+2.4120603E+00
-181.7000E-03,+2.3718593E+00
-181.4500E-03,+2.3718593E+00
-181.2000E-03,+2.3203517E+00
-180.9500E-03,+2.2512563E+00
-180.7000E-03,+2.2512563E+00
-180.4500E-03,+2.1708542E+00
-180.2000E-03,+2.1595477E+00
-179.9500E-03,+2.1306532E+00
-179.7000E-03,+2.0904522E+00
-179.4500E-03,+2.0100502E+00
-179.2000E-03,+1.9811558E+00
-178.9500E-03,+1.9484924E+00
-178.7000E-03,+1.9208543E+00
-178.4500E-03,+1.8492462E+00
-178.2000E-03,+1.8090452E+00
-177.9500E-03,+1.7876884E+00
-177.7000E-03,+1.7286432E+00
-177.4500E-03,+1.6884422E+00
-177.2000E-03,+1.6482412E+00
-176.9500E-03,+1.6080402E+00
-176.7000E-03,+1.5678392E+00
-176.4500E-03,+1.5276382E+00
-176.2000E-03,+1.4874372E+00
-175.9500E-03,+1.4258794E+00
-175.7000E-03,+1.3982412E+00
-175.4500E-03,+1.3278894E+00
-175.2000E-03,+1.3153266E+00
-174.9500E-03,+1.2650754E+00
-174.7000E-03,+1.2060301E+00
-174.4500E-03,+1.1670854E+00
-174.2000E-03,+1.1545226E+00
-173.9500E-03,+1.0854271E+00
-173.7000E-03,+1.0540201E+00
-173.4500E-03,+1.0439698E+00
-173.2000E-03,+964.8241E-03
-172.9500E-03,+964.8241E-03
-172.7000E-03,+893.2161E-03
-172.4500E-03,+884.4221E-03
-172.2000E-03,+832.9146E-03
-171.9500E-03,+804.0201E-03
-171.7000E-03,+772.6131E-03
-171.4500E-03,+723.6181E-03
-171.2000E-03,+683.4171E-03
-170.9500E-03,+662.0603E-03
-170.7000E-03,+611.8090E-03
-170.4500E-03,+603.0151E-03
-170.2000E-03,+591.7085E-03
-169.9500E-03,+562.8141E-03
-169.7000E-03,+522.6131E-03
-169.4500E-03,+482.4121E-03
-169.2000E-03,+453.5176E-03
-168.9500E-03,+442.2111E-03
-168.7000E-03,+402.0100E-03
-168.4500E-03,+402.0100E-03
-168.2000E-03,+361.8090E-03
-167.9500E-03,+340.4523E-03
-167.7000E-03,+330.4020E-03
-167.4500E-03,+282.6633E-03
-167.2000E-03,+310.3015E-03
-166.9500E-03,+281.4070E-03
-166.7000E-03,+281.4070E-03
-166.4500E-03,+281.4070E-03
-166.2000E-03,+281.4070E-03
-165.9500E-03,+241.2060E-03
-165.7000E-03,+209.7990E-03
-165.4500E-03,+202.2613E-03
-165.2000E-03,+201.0050E-03
-164.9500E-03,+222.3618E-03
-164.7000E-03,+209.7990E-03
-164.4500E-03,+202.2613E-03
-164.2000E-03,+201.0050E-03
-163.9500E-03,+241.2060E-03
-163.7000E-03,+232.4121E-03
-163.4500E-03,+241.2060E-03
-163.2000E-03,+212.3116E-03
-162.9500E-03,+222.3618E-03
-162.7000E-03,+232.4121E-03
-162.4500E-03,+319.0955E-03
-162.2000E-03,+252.5126E-03
-161.9500E-03,+262.5628E-03
-161.7000E-03,+281.4070E-03
-161.4500E-03,+282.6633E-03
-161.2000E-03,+321.6080E-03
-160.9500E-03,+321.6080E-03
-160.7000E-03,+330.4020E-03
-160.4500E-03,+361.8090E-03
-160.2000E-03,+373.1156E-03
-159.9500E-03,+383.1658E-03
-159.7000E-03,+433.4171E-03
-159.4500E-03,+442.2111E-03
-159.2000E-03,+464.8241E-03
-158.9500E-03,+503.7688E-03
-158.7000E-03,+491.2060E-03
-158.4500E-03,+561.5578E-03
-158.2000E-03,+574.1206E-03
-157.9500E-03,+621.8593E-03
-157.7000E-03,+643.2161E-03
-157.4500E-03,+683.4171E-03
-157.2000E-03,+723.6181E-03
-156.9500E-03,+742.4623E-03
-156.7000E-03,+763.8191E-03
-156.4500E-03,+805.2764E-03
-156.2000E-03,+844.2211E-03
-155.9500E-03,+884.4221E-03
-155.7000E-03,+884.4221E-03
-155.4500E-03,+885.6784E-03
-155.2000E-03,+976.1306E-03
-154.9500E-03,+1.0050251E+00
-154.7000E-03,+1.0452261E+00
-154.4500E-03,+1.0854271E+00
-154.2000E-03,+1.1256281E+00
-153.9500E-03,+1.1469849E+00
-153.7000E-03,+1.2060301E+00
-153.4500E-03,+1.2072864E+00
-153.2000E-03,+1.2864321E+00
-152.9500E-03,+1.3077889E+00
-152.7000E-03,+1.3668342E+00
-152.4500E-03,+1.3291457E+00
-152.2000E-03,+1.4472362E+00
-151.9500E-03,+1.4472362E+00
-151.7000E-03,+1.4962311E+00
-151.4500E-03,+1.5665829E+00
-151.2000E-03,+1.6080402E+00
-150.9500E-03,+1.6293970E+00
-150.7000E-03,+1.6570352E+00
-150.4500E-03,+1.7273869E+00
-150.2000E-03,+1.7688442E+00
-149.9500E-03,+1.7876884E+00
-149.7000E-03,+1.8404522E+00
-149.4500E-03,+1.8894472E+00
-149.2000E-03,+1.9007537E+00
-148.9500E-03,+1.9510050E+00
-148.7000E-03,+2.0100502E+00
-148.4500E-03,+2.0502512E+00
-148.2000E-03,+2.0904522E+00
-147.9500E-03,+2.1118090E+00
-147.7000E-03,+2.1620603E+00
-147.4500E-03,+2.2097990E+00
-147.2000E-03,+2.2110553E+00
-146.9500E-03,+2.2914573E+00
-146.7000E-03,+2.3316583E+00
-146.4500E-03,+2.3316583E+00
-146.2000E-03,+2.3718593E+00
-145.9500E-03,+2.4309045E+00
-145.7000E-03,+2.4208542E+00
-145.4500E-03,+2.4924623E+00
-145.2000E-03,+2.4924623E+00
-144.9500E-03,+2.5138191E+00
-144.7000E-03,+2.5728643E+00
-144.4500E-03,+2.6118090E+00
-144.2000E-03,+2.6130653E+00
-143.9500E-03,+2.6532663E+00
-143.7000E-03,+2.6532663E+00
-143.4500E-03,+2.6934673E+00
-143.2000E-03,+2.7336683E+00
-142.9500E-03,+2.7336683E+00
-142.7000E-03,+2.7424623E+00
-142.4500E-03,+2.8128140E+00
-142.2000E-03,+2.8140703E+00
-141.9500E-03,+2.8140703E+00
-141.7000E-03,+2.8228643E+00
-141.4500E-03,+2.8542713E+00
-141.2000E-03,+2.8655779E+00
-140.9500E-03,+2.8731155E+00
-140.7000E-03,+2.8718593E+00
-140.4500E-03,+2.9334171E+00
-140.2000E-03,+2.9233668E+00
-139.9500E-03,+2.9133166E+00
-139.7000E-03,+2.9032663E+00
-139.4500E-03,+2.9346733E+00
-139.2000E-03,+2.9346733E+00
-138.9500E-03,+2.9346733E+00
-138.7000E-03,+2.9346733E+00
-138.4500E-03,+2.9346733E+00
-138.2000E-03,+2.9346733E+00
-137.9500E-03,+2.9346733E+00
-137.7000E-03,+2.9346733E+00
-137.4500E-03,+2.9346733E+00
-137.2000E-03,+2.9057789E+00
-136.9500E-03,+2.8944723E+00
-136.7000E-03,+2.8944723E+00
-136.4500E-03,+2.8542713E+00
-136.2000E-03,+2.8831658E+00
-135.9500E-03,+2.8756281E+00
-135.7000E-03,+2.8454774E+00
-135.4500E-03,+2.8542713E+00
-135.2000E-03,+2.7851758E+00
-134.9500E-03,+2.7952261E+00
-134.7000E-03,+2.7424623E+00
-134.4500E-03,+2.7726130E+00
-134.2000E-03,+2.7223618E+00
-133.9500E-03,+2.6934673E+00
-133.7000E-03,+2.6934673E+00
-133.4500E-03,+2.6532663E+00
-133.2000E-03,+2.6130653E+00
-132.9500E-03,+2.6130653E+00
-132.7000E-03,+2.5728643E+00
-132.4500E-03,+2.5326633E+00
-132.2000E-03,+2.4924623E+00
-131.9500E-03,+2.4736181E+00
-131.7000E-03,+2.4522613E+00
-131.4500E-03,+2.4108040E+00
-131.2000E-03,+2.4007537E+00
-130.9500E-03,+2.3316583E+00
-130.7000E-03,+2.3316583E+00
-130.4500E-03,+2.2902010E+00
-130.2000E-03,+2.2110553E+00
-129.9500E-03,+2.1896985E+00
-129.7000E-03,+2.1708542E+00
-129.4500E-03,+2.0904522E+00
-129.2000E-03,+2.0904522E+00
-128.9500E-03,+2.0502512E+00
-128.7000E-03,+1.9786432E+00
-128.4500E-03,+1.9309045E+00
-128.2000E-03,+1.9296482E+00
-127.9500E-03,+1.8680904E+00
-127.7000E-03,+1.8178392E+00
-127.4500E-03,+1.7688442E+00
-127.2000E-03,+1.7575377E+00
-126.9500E-03,+1.7097990E+00
-126.7000E-03,+1.6482412E+00
-126.4500E-03,+1.6092965E+00
-126.2000E-03,+1.5678392E+00
-125.9500E-03,+1.5062814E+00
-125.7000E-03,+1.4560301E+00
-125.4500E-03,+1.4472362E+00
-125.2000E-03,+1.4070352E+00
-124.9500E-03,+1.3668342E+00
-124.7000E-03,+1.2952261E+00
-124.4500E-03,+1.2864321E+00
-124.2000E-03,+1.2462311E+00
-123.9500E-03,+1.1846734E+00
-123.7000E-03,+1.1256281E+00
-123.4500E-03,+1.1256281E+00
-123.2000E-03,+1.0854271E+00
-122.9500E-03,+1.0238693E+00
-122.7000E-03,+1.0050251E+00
-122.4500E-03,+964.8241E-03
-122.2000E-03,+924.6231E-03
-121.9500E-03,+884.4221E-03
-121.7000E-03,+844.2211E-03
-121.4500E-03,+804.0201E-03
-121.2000E-03,+763.8191E-03
-120.9500E-03,+763.8191E-03
-120.7000E-03,+714.8241E-03
-120.4500E-03,+683.4171E-03
-120.2000E-03,+614.3216E-03
-119.9500E-03,+603.0151E-03
-119.7000E-03,+594.2211E-03
-119.4500E-03,+562.8141E-03
-119.2000E-03,+522.6131E-03
-118.9500E-03,+501.2563E-03
-118.7000E-03,+451.0050E-03
-118.4500E-03,+442.2111E-03
-118.2000E-03,+402.0100E-03
-117.9500E-03,+402.0100E-03
-117.7000E-03,+370.6030E-03
-117.4500E-03,+361.8090E-03
-117.2000E-03,+332.9146E-03
-116.9500E-03,+321.6080E-03
-116.7000E-03,+321.6080E-03
-116.4500E-03,+282.6633E-03
-116.2000E-03,+281.4070E-03
-115.9500E-03,+281.4070E-03
-115.7000E-03,+281.4070E-03
-115.4500E-03,+242.4623E-03
-115.2000E-03,+241.2060E-03
-114.9500E-03,+241.2060E-03
-114.7000E-03,+241.2060E-03
-114.4500E-03,+201.0050E-03
-114.2000E-03,+229.8995E-03
-113.9500E-03,+201.0050E-03
-113.7000E-03,+201.0050E-03
-113.4500E-03,+202.2613E-03
-113.2000E-03,+201.0050E-03
-112.9500E-03,+222.3618E-03
-112.7000E-03,+201.0050E-03
-112.4500E-03,+241.2060E-03
-112.2000E-03,+229.8995E-03
-111.9500E-03,+241.2060E-03
-111.7000E-03,+281.4070E-03
-111.4500E-03,+281.4070E-03
-111.2000E-03,+252.5126E-03
-110.9500E-03,+321.6080E-03
-110.7000E-03,+290.2010E-03
-110.4500E-03,+321.6080E-03
-110.2000E-03,+361.8090E-03
-109.9500E-03,+340.4523E-03
-109.7000E-03,+370.6030E-03
-109.4500E-03,+364.3216E-03
-109.2000E-03,+402.0100E-03
-108.9500E-03,+442.2111E-03
-108.7000E-03,+482.4121E-03
-108.4500E-03,+483.6683E-03
-108.2000E-03,+522.6131E-03
-107.9500E-03,+562.8141E-03
-107.7000E-03,+603.0151E-03
-107.4500E-03,+641.9598E-03
-107.2000E-03,+643.2161E-03
-106.9500E-03,+664.5729E-03
-106.7000E-03,+683.4171E-03
-106.4500E-03,+723.6181E-03
-106.2000E-03,+775.1256E-03
-105.9500E-03,+782.6633E-03
-105.7000E-03,+812.8141E-03
-105.4500E-03,+884.4221E-03
-105.2000E-03,+895.7286E-03
-104.9500E-03,+924.6231E-03
-104.7000E-03,+964.8241E-03
-104.4500E-03,+1.0050251E+00
-104.2000E-03,+1.0452261E+00
-103.9500E-03,+1.0665829E+00
-103.7000E-03,+1.1256281E+00
-103.4500E-03,+1.1658291E+00
-103.2000E-03,+1.1771357E+00
-102.9500E-03,+1.2060301E+00
-102.7000E-03,+1.2864321E+00
-102.4500E-03,+1.2864321E+00
-102.2000E-03,+1.2977387E+00
-101.9500E-03,+1.4070352E+00
-101.7000E-03,+1.4070352E+00
-101.4500E-03,+1.4484924E+00
-101.2000E-03,+1.4987437E+00
-100.9500E-03,+1.5678392E+00
-100.7000E-03,+1.5766331E+00
-100.4500E-03,+1.6080402E+00
-100.2000E-03,+1.6482412E+00
-99.9500E-03,+1.7286432E+00
-99.7000E-03,+1.7688442E+00
-99.4500E-03,+1.8090452E+00
-99.2000E-03,+1.8492462E+00
-98.9500E-03,+1.8894472E+00
-98.7000E-03,+1.9208543E+00
-98.4500E-03,+1.9698492E+00
-98.2000E-03,+1.9811558E+00
-97.9500E-03,+2.0502512E+00
-97.7000E-03,+2.0816583E+00
-97.4500E-03,+2.0904522E+00
-97.2000E-03,+2.1708542E+00
-96.9500E-03,+2.2110553E+00
-96.7000E-03,+2.2110553E+00
-96.4500E-03,+2.2512563E+00
-96.2000E-03,+2.3316583E+00
-95.9500E-03,+2.3316583E+00
-95.7000E-03,+2.3718593E+00
-95.4500E-03,+2.4120603E+00
-95.2000E-03,+2.4120603E+00
-94.9500E-03,+2.4522613E+00
-94.7000E-03,+2.5012563E+00
-94.4500E-03,+2.5326633E+00
-94.2000E-03,+2.5615578E+00
-93.9500E-03,+2.5728643E+00
-93.7000E-03,+2.6042713E+00
-93.4500E-03,+2.6532663E+00
-93.2000E-03,+2.6934673E+00
-92.9500E-03,+2.6934673E+00
-92.7000E-03,+2.7022613E+00
-92.4500E-03,+2.7324120E+00
-92.2000E-03,+2.7625628E+00
-91.9500E-03,+2.7738693E+00
-91.7000E-03,+2.8052764E+00
-91.4500E-03,+2.8530150E+00
-91.2000E-03,+2.8542713E+00
-90.9500E-03,+2.8542713E+00
-90.7000E-03,+2.8542713E+00
-90.4500E-03,+2.8944723E+00
-90.2000E-03,+2.8944723E+00
-89.9500E-03,+2.8944723E+00
-89.7000E-03,+2.9346733E+00
-89.4500E-03,+2.9346733E+00
-89.2000E-03,+2.9346733E+00
-88.9500E-03,+2.9158291E+00
-88.7000E-03,+2.9346733E+00
-88.4500E-03,+2.9334171E+00
-88.2000E-03,+2.9233668E+00
-87.9500E-03,+2.9560301E+00
-87.7000E-03,+2.9032663E+00
-87.4500E-03,+2.8957286E+00
-87.2000E-03,+2.9233668E+00
-86.9500E-03,+2.9346733E+00
-86.7000E-03,+2.9258794E+00
-86.4500E-03,+2.8944723E+00
-86.2000E-03,+2.8944723E+00
-85.9500E-03,+2.8944723E+00
-85.7000E-03,+2.8856784E+00
-85.4500E-03,+2.8542713E+00
-85.2000E-03,+2.8542713E+00
-84.9500E-03,+2.8140703E+00
-84.7000E-03,+2.8140703E+00
-84.4500E-03,+2.7738693E+00
-84.2000E-03,+2.7738693E+00
-83.9500E-03,+2.7336683E+00
-83.7000E-03,+2.7336683E+00
-83.4500E-03,+2.6947236E+00
-83.2000E-03,+2.6821608E+00
-82.9500E-03,+2.6746231E+00
-82.7000E-03,+2.6130653E+00
-82.4500E-03,+2.5741206E+00
-82.2000E-03,+2.5728643E+00
-81.9500E-03,+2.5728643E+00
-81.7000E-03,+2.5326633E+00
-81.4500E-03,+2.4924623E+00
-81.2000E-03,+2.4522613E+00
-80.9500E-03,+2.4120603E+00
-80.7000E-03,+2.3806532E+00
-80.4500E-03,+2.3706030E+00
-80.2000E-03,+2.3203517E+00
-79.9500E-03,+2.2701005E+00
-79.7000E-03,+2.2512563E+00
-79.4500E-03,+2.2097990E+00
-79.2000E-03,+2.1595477E+00
-78.9500E-03,+2.1306532E+00
-78.7000E-03,+2.0904522E+00
-78.4500E-03,+2.0502512E+00
-78.2000E-03,+2.0100502E+00
-77.9500E-03,+1.9698492E+00
-77.7000E-03,+1.9610553E+00
-77.4500E-03,+1.8505025E+00
-77.2000E-03,+1.8379397E+00
-76.9500E-03,+1.8090452E+00
-76.7000E-03,+1.7688442E+00
-76.4500E-03,+1.7273869E+00
-76.2000E-03,+1.6884422E+00
-75.9500E-03,+1.6268844E+00
-75.7000E-03,+1.5992462E+00
-75.4500E-03,+1.5665829E+00
-75.2000E-03,+1.4874372E+00
-74.9500E-03,+1.4472362E+00
-74.7000E-03,+1.4070352E+00
-74.4500E-03,+1.3668342E+00
-74.2000E-03,+1.3266332E+00
-73.9500E-03,+1.2864321E+00
-73.7000E-03,+1.2148241E+00
-73.4500E-03,+1.2060301E+00
-73.2000E-03,+1.1658291E+00
-72.9500E-03,+1.1067839E+00
-72.7000E-03,+1.0854271E+00
-72.4500E-03,+1.0452261E+00
-72.2000E-03,+1.0050251E+00
-71.9500E-03,+986.1809E-03
-71.7000E-03,+924.6231E-03
-71.4500E-03,+884.4221E-03
-71.2000E-03,+844.2211E-03
-70.9500E-03,+822.8643E-03
-70.7000E-03,+763.8191E-03
-70.4500E-03,+762.5628E-03
-70.2000E-03,+712.3116E-03
-69.9500E-03,+683.4171E-03
-69.7000E-03,+643.2161E-03
-69.4500E-03,+603.0151E-03
-69.2000E-03,+603.0151E-03
-68.9500E-03,+562.8141E-03
-68.7000E-03,+522.6131E-03
-68.4500E-03,+521.3568E-03
-68.2000E-03,+482.4121E-03
-67.9500E-03,+442.2111E-03
-67.7000E-03,+402.0100E-03
-67.4500E-03,+402.0100E-03
-67.2000E-03,+361.8090E-03
-66.9500E-03,+361.8090E-03
-66.7000E-03,+330.4020E-03
-66.4500E-03,+360.5528E-03
-66.2000E-03,+310.3015E-03
-65.9500E-03,+281.4070E-03
-65.7000E-03,+290.2010E-03
-65.4500E-03,+281.4070E-03
-65.2000E-03,+270.1005E-03
-64.9500E-03,+241.2060E-03
-64.7000E-03,+241.2060E-03
-64.4500E-03,+202.2613E-03
-64.2000E-03,+241.2060E-03
-63.9500E-03,+222.3618E-03
-63.7000E-03,+232.4121E-03
-63.4500E-03,+201.0050E-03
-63.2000E-03,+229.8995E-03
-62.9500E-03,+222.3618E-03
-62.7000E-03,+209.7990E-03
-62.4500E-03,+239.9497E-03
-62.2000E-03,+201.0050E-03
-61.9500E-03,+241.2060E-03
-61.7000E-03,+263.8191E-03
-61.4500E-03,+241.2060E-03
-61.2000E-03,+270.1005E-03
-60.9500E-03,+260.0502E-03
-60.7000E-03,+281.4070E-03
-60.4500E-03,+281.4070E-03
-60.2000E-03,+321.6080E-03
-59.9500E-03,+321.6080E-03
-59.7000E-03,+321.6080E-03
-59.4500E-03,+361.8090E-03
-59.2000E-03,+361.8090E-03
-58.9500E-03,+420.8543E-03
-58.7000E-03,+442.2111E-03
-58.4500E-03,+442.2111E-03
-58.2000E-03,+453.5176E-03
-57.9500E-03,+482.4121E-03
-57.7000E-03,+522.6131E-03
-57.4500E-03,+562.8141E-03
-57.2000E-03,+591.7085E-03
-56.9500E-03,+603.0151E-03
-56.7000E-03,+643.2161E-03
-56.4500E-03,+682.1608E-03
-56.2000E-03,+683.4171E-03
-55.9500E-03,+744.9749E-03
-55.7000E-03,+763.8191E-03
-55.4500E-03,+765.0754E-03
-55.2000E-03,+832.9146E-03
-54.9500E-03,+884.4221E-03
-54.7000E-03,+893.2161E-03
-54.4500E-03,+963.5678E-03
-54.2000E-03,+964.8241E-03
-53.9500E-03,+1.0050251E+00
-53.7000E-03,+1.0138191E+00
-53.4500E-03,+1.0464824E+00
-53.2000E-03,+1.1143216E+00
-52.9500E-03,+1.1658291E+00
-52.7000E-03,+1.1658291E+00
-52.4500E-03,+1.2072864E+00
-52.2000E-03,+1.2462311E+00
-51.9500E-03,+1.3266332E+00
-51.7000E-03,+1.3354271E+00
-51.4500E-03,+1.3668342E+00
-51.2000E-03,+1.4070352E+00
-50.9500E-03,+1.4685929E+00
-50.7000E-03,+1.4962311E+00
-50.4500E-03,+1.5288945E+00
-50.2000E-03,+1.5678392E+00
-49.9500E-03,+1.6080402E+00
-49.7000E-03,+1.6570352E+00
-49.4500E-03,+1.6896985E+00
-49.2000E-03,+1.7399497E+00
-48.9500E-03,+1.7688442E+00
-48.7000E-03,+1.8492462E+00
-48.4500E-03,+1.8492462E+00
-48.2000E-03,+1.9296482E+00
-47.9500E-03,+1.9698492E+00
-47.7000E-03,+1.9698492E+00
-47.4500E-03,+2.0100502E+00
-47.2000E-03,+2.0615578E+00
-46.9500E-03,+2.1118090E+00
-46.7000E-03,+2.1708542E+00
-46.4500E-03,+2.1708542E+00
-46.2000E-03,+2.2223618E+00
-45.9500E-03,+2.2298995E+00
-45.7000E-03,+2.2914573E+00
-45.4500E-03,+2.3316583E+00
-45.2000E-03,+2.3605527E+00
-44.9500E-03,+2.4120603E+00
-44.7000E-03,+2.4434673E+00
-44.4500E-03,+2.4522613E+00
-44.2000E-03,+2.4924623E+00
-43.9500E-03,+2.5326633E+00
-43.7000E-03,+2.5728643E+00
-43.4500E-03,+2.5728643E+00
-43.2000E-03,+2.6130653E+00
-42.9500E-03,+2.6532663E+00
-42.7000E-03,+2.6532663E+00
-42.4500E-03,+2.6934673E+00
-42.2000E-03,+2.7047738E+00
-41.9500E-03,+2.7336683E+00
-41.7000E-03,+2.7424623E+00
-41.4500E-03,+2.7738693E+00
-41.2000E-03,+2.8027638E+00
-40.9500E-03,+2.8354271E+00
-40.7000E-03,+2.8542713E+00
-40.4500E-03,+2.8542713E+00
-40.2000E-03,+2.8542713E+00
-39.9500E-03,+2.8542713E+00
-39.7000E-03,+2.8856784E+00
-39.4500E-03,+2.8957286E+00
-39.2000E-03,+2.8944723E+00
-38.9500E-03,+2.8944723E+00
-38.7000E-03,+2.8944723E+00
-38.4500E-03,+2.9346733E+00
-38.2000E-03,+2.9346733E+00
-37.9500E-03,+2.9346733E+00
-37.7000E-03,+2.9346733E+00
-37.4500E-03,+2.9346733E+00
-37.2000E-03,+2.9346733E+00
-36.9500E-03,+2.9346733E+00
-36.7000E-03,+2.9258794E+00
-36.4500E-03,+2.9346733E+00
-36.2000E-03,+2.8944723E+00
-35.9500E-03,+2.9158291E+00
-35.7000E-03,+2.8944723E+00
-35.4500E-03,+2.8944723E+00
-35.2000E-03,+2.8944723E+00
-34.9500E-03,+2.8756281E+00
-34.7000E-03,+2.8542713E+00
-34.4500E-03,+2.8530150E+00
-34.2000E-03,+2.8140703E+00
-33.9500E-03,+2.8140703E+00
-33.7000E-03,+2.7738693E+00
-33.4500E-03,+2.7738693E+00
-33.2000E-03,+2.7336683E+00
-32.9500E-03,+2.6934673E+00
-32.7000E-03,+2.6934673E+00
-32.4500E-03,+2.6532663E+00
-32.2000E-03,+2.6532663E+00
-31.9500E-03,+2.6130653E+00
-31.7000E-03,+2.5728643E+00
-31.4500E-03,+2.5339196E+00
-31.2000E-03,+2.5326633E+00
-30.9500E-03,+2.4924623E+00
-30.7000E-03,+2.4610553E+00
-30.4500E-03,+2.4120603E+00
-30.2000E-03,+2.3718593E+00
-29.9500E-03,+2.3718593E+00
-29.7000E-03,+2.3002512E+00
-29.4500E-03,+2.2512563E+00
-29.2000E-03,+2.2223618E+00
-28.9500E-03,+2.2110553E+00
-28.7000E-03,+2.1708542E+00
-28.4500E-03,+2.1306532E+00
-28.2000E-03,+2.0791457E+00
-27.9500E-03,+2.0502512E+00
-27.7000E-03,+2.0100502E+00
-27.4500E-03,+1.9698492E+00
-27.2000E-03,+1.9296482E+00
-26.9500E-03,+1.8894472E+00
-26.7000E-03,+1.8492462E+00
-26.4500E-03,+1.8090452E+00
-26.2000E-03,+1.7688442E+00
-25.9500E-03,+1.7286432E+00
-25.7000E-03,+1.6570352E+00
-25.4500E-03,+1.6092965E+00
-25.2000E-03,+1.6080402E+00
-24.9500E-03,+1.5489950E+00
-24.7000E-03,+1.4874372E+00
-24.4500E-03,+1.4472362E+00
-24.2000E-03,+1.4070352E+00
-23.9500E-03,+1.3668342E+00
-23.7000E-03,+1.3354271E+00
-23.4500E-03,+1.2864321E+00
-23.2000E-03,+1.2462311E+00
-22.9500E-03,+1.2273869E+00
-22.7000E-03,+1.1658291E+00
-22.4500E-03,+1.1256281E+00
-22.2000E-03,+1.0854271E+00
-21.9500E-03,+1.0238693E+00
-21.7000E-03,+1.0050251E+00
-21.4500E-03,+964.8241E-03
-21.2000E-03,+924.6231E-03
-20.9500E-03,+884.4221E-03
-20.7000E-03,+875.6281E-03
-20.4500E-03,+842.9648E-03
-20.2000E-03,+775.1256E-03
-19.9500E-03,+742.4623E-03
-19.7000E-03,+723.6181E-03
-19.4500E-03,+683.4171E-03
-19.2000E-03,+643.2161E-03
-18.9500E-03,+621.8593E-03
-18.7000E-03,+571.6080E-03
-18.4500E-03,+562.8141E-03
-18.2000E-03,+533.9196E-03
-17.9500E-03,+501.2563E-03
-17.7000E-03,+513.8191E-03
-17.4500E-03,+442.2111E-03
-17.2000E-03,+442.2111E-03
-16.9500E-03,+402.0100E-03
-16.7000E-03,+370.6030E-03
-16.4500E-03,+363.0653E-03
-16.2000E-03,+361.8090E-03
-15.9500E-03,+300.2513E-03
-15.7000E-03,+321.6080E-03
-15.4500E-03,+321.6080E-03
-15.2000E-03,+281.4070E-03
-14.9500E-03,+281.4070E-03
-14.7000E-03,+281.4070E-03
-14.4500E-03,+241.2060E-03
-14.2000E-03,+212.3116E-03
-13.9500E-03,+219.8492E-03
-13.7000E-03,+209.7990E-03
-13.4500E-03,+201.0050E-03
-13.2000E-03,+241.2060E-03
-12.9500E-03,+201.0050E-03
-12.7000E-03,+209.7990E-03
-12.4500E-03,+239.9497E-03
-12.2000E-03,+201.0050E-03
-11.9500E-03,+222.3618E-03
-11.7000E-03,+232.4121E-03
-11.4500E-03,+201.0050E-03
-11.2000E-03,+241.2060E-03
-10.9500E-03,+241.2060E-03
-10.7000E-03,+241.2060E-03
-10.4500E-03,+280.1508E-03
-10.2000E-03,+281.4070E-03
-9.9500E-03,+281.4070E-03
-9.7000E-03,+281.4070E-03
-9.4500E-03,+321.6080E-03
-9.2000E-03,+332.9146E-03
-8.9500E-03,+361.8090E-03
-8.7000E-03,+370.6030E-03
-8.4500E-03,+363.0653E-03
-8.2000E-03,+402.0100E-03
-7.9500E-03,+442.2111E-03
-7.7000E-03,+451.0050E-03
-7.4500E-03,+482.4121E-03
-7.2000E-03,+493.7186E-03
-6.9500E-03,+522.6131E-03
-6.7000E-03,+562.8141E-03
-6.4500E-03,+603.0151E-03
-6.2000E-03,+643.2161E-03
-5.9500E-03,+662.0603E-03
-5.7000E-03,+683.4171E-03
-5.4500E-03,+724.8744E-03
-5.2000E-03,+763.8191E-03
-4.9500E-03,+782.6633E-03
-4.7000E-03,+835.4271E-03
-4.4500E-03,+844.2211E-03
-4.2000E-03,+884.4221E-03
-3.9500E-03,+924.6231E-03
-3.7000E-03,+964.8241E-03
-3.4500E-03,+1.0050251E+00
-3.2000E-03,+1.0452261E+00
-2.9500E-03,+1.0640703E+00
-2.7000E-03,+1.0942211E+00
-2.4500E-03,+1.1645729E+00
-2.2000E-03,+1.1771357E+00
-1.9500E-03,+1.2060301E+00
-1.7000E-03,+1.2462311E+00
-1.4500E-03,+1.2864321E+00
-1.2000E-03,+1.3266332E+00
-950.0E-06,+1.3668342E+00
-700.0E-06,+1.4070352E+00
-450.0E-06,+1.4472362E+00
-200.0E-06,+1.4874372E+00
+50.0E-06,+1.5276382E+00
+300.0E-06,+1.5678392E+00
+550.0E-06,+1.6080402E+00
+800.0E-06,+1.6482412E+00
+1.0500E-03,+1.6884422E+00
+1.3000E-03,+1.7286432E+00
+1.5500E-03,+1.7701005E+00
+1.8000E-03,+1.8090452E+00
+2.0500E-03,+1.8492462E+00
+2.3000E-03,+1.8982412E+00
+2.5500E-03,+1.9698492E+00
+2.8000E-03,+1.9811558E+00
+3.0500E-03,+2.0314070E+00
+3.3000E-03,+2.0502512E+00
+3.5500E-03,+2.0904522E+00
+3.8000E-03,+2.1306532E+00
+4.0500E-03,+2.1708542E+00
+4.3000E-03,+2.2110553E+00
+4.5500E-03,+2.2512563E+00
+4.8000E-03,+2.2914573E+00
+5.0500E-03,+2.3316583E+00
+5.3000E-03,+2.3630653E+00
+5.5500E-03,+2.4108040E+00
+5.8000E-03,+2.4120603E+00
+6.0500E-03,+2.4736181E+00
+6.3000E-03,+2.4924623E+00
+6.5500E-03,+2.5326633E+00
+6.8000E-03,+2.5728643E+00
+7.0500E-03,+2.5728643E+00
+7.3000E-03,+2.6042713E+00
+7.5500E-03,+2.6520100E+00
+7.8000E-03,+2.6532663E+00
+8.0500E-03,+2.6934673E+00
+8.3000E-03,+2.6934673E+00
+8.5500E-03,+2.7349246E+00
+8.8000E-03,+2.7336683E+00
+9.0500E-03,+2.7738693E+00
+9.3000E-03,+2.7738693E+00
+9.5500E-03,+2.8140703E+00
+9.8000E-03,+2.8140703E+00
+10.0500E-03,+2.8354271E+00
+10.3000E-03,+2.8542713E+00
+10.5500E-03,+2.8932160E+00
+10.8000E-03,+2.8944723E+00
+11.0500E-03,+2.8944723E+00
+11.3000E-03,+2.9032663E+00
+11.5500E-03,+2.8944723E+00
+11.8000E-03,+2.9057789E+00
+12.0500E-03,+2.9346733E+00
+12.3000E-03,+2.9346733E+00
+12.5500E-03,+2.9334171E+00
+12.8000E-03,+2.9233668E+00
+13.0500E-03,+2.9346733E+00
+13.3000E-03,+2.9346733E+00
+13.5500E-03,+2.8957286E+00
+13.8000E-03,+2.9057789E+00
+14.0500E-03,+2.9158291E+00
+14.3000E-03,+2.9032663E+00
+14.5500E-03,+2.8944723E+00
+14.8000E-03,+2.9233668E+00
+15.0500E-03,+2.8756281E+00
+15.3000E-03,+2.8630653E+00
+15.5500E-03,+2.8542713E+00
+15.8000E-03,+2.8542713E+00
+16.0500E-03,+2.8140703E+00
+16.3000E-03,+2.8140703E+00
+16.5500E-03,+2.8140703E+00
+16.8000E-03,+2.7738693E+00
+17.0500E-03,+2.7738693E+00
+17.3000E-03,+2.7336683E+00
+17.5500E-03,+2.7336683E+00
+17.8000E-03,+2.6645728E+00
+18.0500E-03,+2.6746231E+00
+18.3000E-03,+2.6444723E+00
+18.5500E-03,+2.6118090E+00
+18.8000E-03,+2.5841708E+00
+19.0500E-03,+2.5515075E+00
+19.3000E-03,+2.5414573E+00
+19.5500E-03,+2.4535176E+00
+19.8000E-03,+2.4522613E+00
+20.0500E-03,+2.4309045E+00
+20.3000E-03,+2.4120603E+00
+20.5500E-03,+2.3329145E+00
+20.8000E-03,+2.3316583E+00
+21.0500E-03,+2.2914573E+00
+21.3000E-03,+2.2600502E+00
+21.5500E-03,+2.2097990E+00
+21.8000E-03,+2.1708542E+00
+22.0500E-03,+2.1306532E+00
+22.3000E-03,+2.0904522E+00
+22.5500E-03,+2.0515075E+00
+22.8000E-03,+2.0100502E+00
+23.0500E-03,+2.0100502E+00
+23.3000E-03,+1.9296482E+00
+23.5500E-03,+1.8894472E+00
+23.8000E-03,+1.8492462E+00
+24.0500E-03,+1.8090452E+00
+24.3000E-03,+1.7374372E+00
+24.5500E-03,+1.7286432E+00
+24.8000E-03,+1.6884422E+00
+25.0500E-03,+1.6695980E+00
+25.3000E-03,+1.6080402E+00
+25.5500E-03,+1.5678392E+00
+25.8000E-03,+1.4987437E+00
+26.0500E-03,+1.4472362E+00
+26.3000E-03,+1.4070352E+00
+26.5500E-03,+1.3668342E+00
+26.8000E-03,+1.3266332E+00
+27.0500E-03,+1.2864321E+00
+27.3000E-03,+1.2550251E+00
+27.5500E-03,+1.2060301E+00
+27.8000E-03,+1.1658291E+00
+28.0500E-03,+1.1256281E+00
+28.3000E-03,+1.0854271E+00
+28.5500E-03,+1.0452261E+00
+28.8000E-03,+987.4372E-03
+29.0500E-03,+964.8241E-03
+29.3000E-03,+924.6231E-03
+29.5500E-03,+924.6231E-03
+29.8000E-03,+873.1156E-03
+30.0500E-03,+825.3769E-03
+30.3000E-03,+804.0201E-03
+30.5500E-03,+762.5628E-03
+30.8000E-03,+723.6181E-03
+31.0500E-03,+683.4171E-03
+31.3000E-03,+652.0100E-03
+31.5500E-03,+604.2714E-03
+31.8000E-03,+574.1206E-03
+32.0500E-03,+584.1708E-03
+32.3000E-03,+531.4070E-03
+32.5500E-03,+522.6131E-03
+32.8000E-03,+453.5176E-03
+33.0500E-03,+442.2111E-03
+33.3000E-03,+442.2111E-03
+33.5500E-03,+402.0100E-03
+33.8000E-03,+390.7035E-03
+34.0500E-03,+383.1658E-03
+34.3000E-03,+361.8090E-03
+34.5500E-03,+322.8643E-03
+34.8000E-03,+321.6080E-03
+35.0500E-03,+281.4070E-03
+35.3000E-03,+250.0000E-03
+35.5500E-03,+281.4070E-03
+35.8000E-03,+281.4070E-03
+36.0500E-03,+262.5628E-03
+36.3000E-03,+272.6131E-03
+36.5500E-03,+202.2613E-03
+36.8000E-03,+241.2060E-03
+37.0500E-03,+201.0050E-03
+37.3000E-03,+232.4121E-03
+37.5500E-03,+201.0050E-03
+37.8000E-03,+212.3116E-03
+38.0500E-03,+219.8492E-03
+38.3000E-03,+241.2060E-03
+38.5500E-03,+202.2613E-03
+38.8000E-03,+201.0050E-03
+39.0500E-03,+201.0050E-03
+39.3000E-03,+241.2060E-03
+39.5500E-03,+241.2060E-03
+39.8000E-03,+281.4070E-03
+40.0500E-03,+260.0502E-03
+40.3000E-03,+281.4070E-03
+40.5500E-03,+281.4070E-03
+40.8000E-03,+281.4070E-03
+41.0500E-03,+340.4523E-03
+41.3000E-03,+353.0151E-03
+41.5500E-03,+360.5528E-03
+41.8000E-03,+361.8090E-03
+42.0500E-03,+383.1658E-03
+42.3000E-03,+402.0100E-03
+42.5500E-03,+402.0100E-03
+42.8000E-03,+482.4121E-03
+43.0500E-03,+522.6131E-03
+43.3000E-03,+522.6131E-03
+43.5500E-03,+523.8693E-03
+43.8000E-03,+574.1206E-03
+44.0500E-03,+584.1708E-03
+44.3000E-03,+603.0151E-03
+44.5500E-03,+643.2161E-03
+44.8000E-03,+683.4171E-03
+45.0500E-03,+704.7739E-03
+45.3000E-03,+763.8191E-03
+45.5500E-03,+763.8191E-03
+45.8000E-03,+804.0201E-03
+46.0500E-03,+844.2211E-03
+46.3000E-03,+915.8291E-03
+46.5500E-03,+963.5678E-03
+46.8000E-03,+953.5176E-03
+47.0500E-03,+1.0050251E+00
+47.3000E-03,+1.0050251E+00
+47.5500E-03,+1.0464824E+00
+47.8000E-03,+1.1143216E+00
+48.0500E-03,+1.1067839E+00
+48.3000E-03,+1.1658291E+00
+48.5500E-03,+1.2060301E+00
+48.8000E-03,+1.2462311E+00
+49.0500E-03,+1.2864321E+00
+49.3000E-03,+1.3266332E+00
+49.5500E-03,+1.3668342E+00
+49.8000E-03,+1.4070352E+00
+50.0500E-03,+1.4874372E+00
+50.3000E-03,+1.4874372E+00
+50.5500E-03,+1.5276382E+00
+50.8000E-03,+1.5678392E+00
+51.0500E-03,+1.6080402E+00
+51.3000E-03,+1.6570352E+00
+51.5500E-03,+1.7273869E+00
+51.8000E-03,+1.7286432E+00
+52.0500E-03,+1.7902010E+00
+52.3000E-03,+1.8090452E+00
+52.5500E-03,+1.8881909E+00
+52.8000E-03,+1.9183417E+00
+53.0500E-03,+1.9296482E+00
+53.3000E-03,+1.9786432E+00
+53.5500E-03,+2.0113065E+00
+53.8000E-03,+2.0615578E+00
+54.0500E-03,+2.1092965E+00
+54.3000E-03,+2.1306532E+00
+54.5500E-03,+2.1708542E+00
+54.8000E-03,+2.2110553E+00
+55.0500E-03,+2.2512563E+00
+55.3000E-03,+2.2826633E+00
+55.5500E-03,+2.3316583E+00
+55.8000E-03,+2.3316583E+00
+56.0500E-03,+2.3907035E+00
+56.3000E-03,+2.4120603E+00
+56.5500E-03,+2.4522613E+00
+56.8000E-03,+2.4924623E+00
+57.0500E-03,+2.5138191E+00
+57.3000E-03,+2.5326633E+00
+57.5500E-03,+2.5351759E+00
+57.8000E-03,+2.6017588E+00
+58.0500E-03,+2.6532663E+00
+58.3000E-03,+2.6620603E+00
+58.5500E-03,+2.6934673E+00
+58.8000E-03,+2.7223618E+00
+59.0500E-03,+2.7336683E+00
+59.3000E-03,+2.7650753E+00
+59.5500E-03,+2.7738693E+00
+59.8000E-03,+2.7851758E+00
+60.0500E-03,+2.8140703E+00
+60.3000E-03,+2.8228643E+00
+60.5500E-03,+2.8542713E+00
+60.8000E-03,+2.8542713E+00
+61.0500E-03,+2.8944723E+00
+61.3000E-03,+2.8542713E+00
+61.5500E-03,+2.8944723E+00
+61.8000E-03,+2.9057789E+00
+62.0500E-03,+2.9346733E+00
+62.3000E-03,+2.9032663E+00
+62.5500E-03,+2.9346733E+00
+62.8000E-03,+2.9346733E+00
+63.0500E-03,+2.9560301E+00
+63.3000E-03,+2.9346733E+00
+63.5500E-03,+2.9736181E+00
+63.8000E-03,+2.9057789E+00
+64.0500E-03,+2.9158291E+00
+64.3000E-03,+2.9346733E+00
+64.5500E-03,+2.9334171E+00
+64.8000E-03,+2.9346733E+00
+65.0500E-03,+2.8944723E+00
+65.3000E-03,+2.9032663E+00
+65.5500E-03,+2.8944723E+00
+65.8000E-03,+2.8655779E+00
+66.0500E-03,+2.8542713E+00
+66.3000E-03,+2.8542713E+00
+66.5500E-03,+2.8140703E+00
+66.8000E-03,+2.8140703E+00
+67.0500E-03,+2.8140703E+00
+67.3000E-03,+2.7738693E+00
+67.5500E-03,+2.7336683E+00
+67.8000E-03,+2.7336683E+00
+68.0500E-03,+2.7148241E+00
+68.3000E-03,+2.6934673E+00
+68.5500E-03,+2.6532663E+00
+68.8000E-03,+2.6419598E+00
+69.0500E-03,+2.6130653E+00
+69.3000E-03,+2.6042713E+00
+69.5500E-03,+2.5326633E+00
+69.8000E-03,+2.5326633E+00
+70.0500E-03,+2.4924623E+00
+70.3000E-03,+2.4522613E+00
+70.5500E-03,+2.4120603E+00
+70.8000E-03,+2.4120603E+00
+71.0500E-03,+2.3718593E+00
+71.3000E-03,+2.2914573E+00
+71.5500E-03,+2.2914573E+00
+71.8000E-03,+2.2512563E+00
+72.0500E-03,+2.2324120E+00
+72.3000E-03,+2.1708542E+00
+72.5500E-03,+2.0917085E+00
+72.8000E-03,+2.0904522E+00
+73.0500E-03,+2.0502512E+00
+73.3000E-03,+2.0188442E+00
+73.5500E-03,+1.9698492E+00
+73.8000E-03,+1.9296482E+00
+74.0500E-03,+1.8894472E+00
+74.3000E-03,+1.8492462E+00
+74.5500E-03,+1.8479899E+00
+74.8000E-03,+1.7688442E+00
+75.0500E-03,+1.7072864E+00
+75.3000E-03,+1.6884422E+00
+75.5500E-03,+1.6482412E+00
+75.8000E-03,+1.6080402E+00
+76.0500E-03,+1.5464824E+00
+76.3000E-03,+1.5276382E+00
+76.5500E-03,+1.4874372E+00
+76.8000E-03,+1.4472362E+00
+77.0500E-03,+1.3856784E+00
+77.3000E-03,+1.3580402E+00
+77.5500E-03,+1.2864321E+00
+77.8000E-03,+1.2462311E+00
+78.0500E-03,+1.2273869E+00
+78.3000E-03,+1.1658291E+00
+78.5500E-03,+1.1256281E+00
+78.8000E-03,+1.0854271E+00
+79.0500E-03,+1.0452261E+00
+79.3000E-03,+1.0364321E+00
+79.5500E-03,+964.8241E-03
+79.8000E-03,+953.5176E-03
+80.0500E-03,+924.6231E-03
+80.3000E-03,+884.4221E-03
+80.5500E-03,+844.2211E-03
+80.8000E-03,+775.1256E-03
+81.0500E-03,+763.8191E-03
+81.3000E-03,+732.4121E-03
+81.5500E-03,+683.4171E-03
+81.8000E-03,+643.2161E-03
+82.0500E-03,+621.8593E-03
+82.3000E-03,+603.0151E-03
+82.5500E-03,+562.8141E-03
+82.8000E-03,+533.9196E-03
+83.0500E-03,+501.2563E-03
+83.3000E-03,+491.2060E-03
+83.5500E-03,+442.2111E-03
+83.8000E-03,+442.2111E-03
+84.0500E-03,+423.3668E-03
+84.3000E-03,+402.0100E-03
+84.5500E-03,+400.7538E-03
+84.8000E-03,+390.7035E-03
+85.0500E-03,+321.6080E-03
+85.3000E-03,+353.0151E-03
+85.5500E-03,+320.3518E-03
+85.8000E-03,+281.4070E-03
+86.0500E-03,+260.0502E-03
+86.3000E-03,+250.0000E-03
+86.5500E-03,+241.2060E-03
+86.8000E-03,+212.3116E-03
+87.0500E-03,+241.2060E-03
+87.3000E-03,+232.4121E-03
+87.5500E-03,+202.2613E-03
+87.8000E-03,+201.0050E-03
+88.0500E-03,+201.0050E-03
+88.3000E-03,+201.0050E-03
+88.5500E-03,+201.0050E-03
+88.8000E-03,+172.1106E-03
+89.0500E-03,+222.3618E-03
+89.3000E-03,+232.4121E-03
+89.5500E-03,+202.2613E-03
+89.8000E-03,+241.2060E-03
+90.0500E-03,+241.2060E-03
+90.3000E-03,+241.2060E-03
+90.5500E-03,+280.1508E-03
+90.8000E-03,+270.1005E-03
+91.0500E-03,+300.2513E-03
+91.3000E-03,+281.4070E-03
+91.5500E-03,+321.6080E-03
+91.8000E-03,+350.5025E-03
+92.0500E-03,+361.8090E-03
+92.3000E-03,+361.8090E-03
+92.5500E-03,+400.7538E-03
+92.8000E-03,+413.3166E-03
+93.0500E-03,+423.3668E-03
+93.3000E-03,+473.6181E-03
+93.5500E-03,+481.1558E-03
+93.8000E-03,+482.4121E-03
+94.0500E-03,+562.8141E-03
+94.3000E-03,+562.8141E-03
+94.5500E-03,+564.0703E-03
+94.8000E-03,+603.0151E-03
+95.0500E-03,+664.5729E-03
+95.3000E-03,+683.4171E-03
+95.5500E-03,+722.3618E-03
+95.8000E-03,+734.9246E-03
+96.0500E-03,+804.0201E-03
+96.3000E-03,+804.0201E-03
+96.5500E-03,+845.4774E-03
+96.8000E-03,+873.1156E-03
+97.0500E-03,+924.6231E-03
+97.3000E-03,+956.0301E-03
+97.5500E-03,+964.8241E-03
+97.8000E-03,+987.4372E-03
+98.0500E-03,+1.0452261E+00
+98.3000E-03,+1.0854271E+00
+98.5500E-03,+1.1256281E+00
+98.8000E-03,+1.1545226E+00
+99.0500E-03,+1.1871859E+00
+99.3000E-03,+1.2462311E+00
+99.5500E-03,+1.2474874E+00
+99.8000E-03,+1.3442211E+00
+100.0500E-03,+1.3668342E+00
+100.3000E-03,+1.4384422E+00
+100.5500E-03,+1.4472362E+00
+100.8000E-03,+1.4874372E+00
+101.0500E-03,+1.5276382E+00
+101.3000E-03,+1.5678392E+00
+101.5500E-03,+1.6080402E+00
+101.8000E-03,+1.6369347E+00
+102.0500E-03,+1.6884422E+00
+102.3000E-03,+1.7286432E+00
+102.5500E-03,+1.7688442E+00
+102.8000E-03,+1.8090452E+00
+103.0500E-03,+1.8706030E+00
+103.3000E-03,+1.8894472E+00
+103.5500E-03,+1.9296482E+00
+103.8000E-03,+1.9409548E+00
+104.0500E-03,+2.0100502E+00
+104.3000E-03,+2.0502512E+00
+104.5500E-03,+2.0515075E+00
+104.8000E-03,+2.1306532E+00
+105.0500E-03,+2.1708542E+00
+105.3000E-03,+2.2110553E+00
+105.5500E-03,+2.2512563E+00
+105.8000E-03,+2.2625628E+00
+106.0500E-03,+2.3103015E+00
+106.3000E-03,+2.3630653E+00
+106.5500E-03,+2.3718593E+00
+106.8000E-03,+2.4120603E+00
+107.0500E-03,+2.4309045E+00
+107.3000E-03,+2.4522613E+00
+107.5500E-03,+2.4924623E+00
+107.8000E-03,+2.5728643E+00
+108.0500E-03,+2.5728643E+00
+108.3000E-03,+2.6130653E+00
+108.5500E-03,+2.6130653E+00
+108.8000E-03,+2.6532663E+00
+109.0500E-03,+2.6721105E+00
+109.3000E-03,+2.6934673E+00
+109.5500E-03,+2.7336683E+00
+109.8000E-03,+2.7625628E+00
+110.0500E-03,+2.7738693E+00
+110.3000E-03,+2.7738693E+00
+110.5500E-03,+2.8140703E+00
+110.8000E-03,+2.8253769E+00
+111.0500E-03,+2.8329145E+00
+111.3000E-03,+2.8228643E+00
+111.5500E-03,+2.8542713E+00
+111.8000E-03,+2.8944723E+00
+112.0500E-03,+2.8944723E+00
+112.3000E-03,+2.8944723E+00
+112.5500E-03,+2.8969849E+00
+112.8000E-03,+2.9346733E+00
+113.0500E-03,+2.9346733E+00
+113.3000E-03,+2.9346733E+00
+113.5500E-03,+2.9346733E+00
+113.8000E-03,+2.9346733E+00
+114.0500E-03,+2.9346733E+00
+114.3000E-03,+2.9032663E+00
+114.5500E-03,+2.9346733E+00
+114.8000E-03,+2.9057789E+00
+115.0500E-03,+2.9346733E+00
+115.3000E-03,+2.8944723E+00
+115.5500E-03,+2.8944723E+00
+115.8000E-03,+2.8655779E+00
+116.0500E-03,+2.8944723E+00
+116.3000E-03,+2.8542713E+00
+116.5500E-03,+2.8542713E+00
+116.8000E-03,+2.8542713E+00
+117.0500E-03,+2.8354271E+00
+117.3000E-03,+2.8228643E+00
+117.5500E-03,+2.8140703E+00
+117.8000E-03,+2.8140703E+00
+118.0500E-03,+2.7738693E+00
+118.3000E-03,+2.7336683E+00
+118.5500E-03,+2.6947236E+00
+118.8000E-03,+2.6934673E+00
+119.0500E-03,+2.6934673E+00
+119.3000E-03,+2.6218593E+00
+119.5500E-03,+2.6130653E+00
+119.8000E-03,+2.6017588E+00
+120.0500E-03,+2.5917085E+00
+120.3000E-03,+2.5326633E+00
+120.5500E-03,+2.4924623E+00
+120.8000E-03,+2.4748743E+00
+121.0500E-03,+2.4522613E+00
+121.3000E-03,+2.4208542E+00
+121.5500E-03,+2.3718593E+00
+121.8000E-03,+2.3316583E+00
+122.0500E-03,+2.2914573E+00
+122.3000E-03,+2.2826633E+00
+122.5500E-03,+2.2110553E+00
+122.8000E-03,+2.1997487E+00
+123.0500E-03,+2.1306532E+00
+123.3000E-03,+2.0904522E+00
+123.5500E-03,+2.0891960E+00
+123.8000E-03,+2.0502512E+00
+124.0500E-03,+2.0100502E+00
+124.3000E-03,+1.9296482E+00
+124.5500E-03,+1.8907035E+00
+124.8000E-03,+1.8605527E+00
+125.0500E-03,+1.8304020E+00
+125.3000E-03,+1.7688442E+00
+125.5500E-03,+1.7286432E+00
+125.8000E-03,+1.6884422E+00
+126.0500E-03,+1.6482412E+00
+126.3000E-03,+1.6080402E+00
+126.5500E-03,+1.5665829E+00
+126.8000E-03,+1.5276382E+00
+127.0500E-03,+1.4660804E+00
+127.3000E-03,+1.4384422E+00
+127.5500E-03,+1.4070352E+00
+127.8000E-03,+1.3555276E+00
+128.0500E-03,+1.3052764E+00
+128.3000E-03,+1.2776382E+00
+128.5500E-03,+1.2462311E+00
+128.8000E-03,+1.1947236E+00
+129.0500E-03,+1.1444723E+00
+129.3000E-03,+1.1168342E+00
+129.5500E-03,+1.0464824E+00
+129.8000E-03,+1.0050251E+00
+130.0500E-03,+983.6683E-03
+130.3000E-03,+964.8241E-03
+130.5500E-03,+884.4221E-03
+130.8000E-03,+902.0100E-03
+131.0500E-03,+844.2211E-03
+131.3000E-03,+795.2261E-03
+131.5500E-03,+802.7638E-03
+131.8000E-03,+723.6181E-03
+132.0500E-03,+683.4171E-03
+132.3000E-03,+683.4171E-03
+132.5500E-03,+643.2161E-03
+132.8000E-03,+603.0151E-03
+133.0500E-03,+543.9698E-03
+133.3000E-03,+562.8141E-03
+133.5500E-03,+522.6131E-03
+133.8000E-03,+482.4121E-03
+134.0500E-03,+463.5678E-03
+134.3000E-03,+442.2111E-03
+134.5500E-03,+402.0100E-03
+134.8000E-03,+390.7035E-03
+135.0500E-03,+380.6533E-03
+135.3000E-03,+361.8090E-03
+135.5500E-03,+360.5528E-03
+135.8000E-03,+321.6080E-03
+136.0500E-03,+300.2513E-03
+136.3000E-03,+281.4070E-03
+136.5500E-03,+242.4623E-03
+136.8000E-03,+281.4070E-03
+137.0500E-03,+281.4070E-03
+137.3000E-03,+241.2060E-03
+137.5500E-03,+239.9497E-03
+137.8000E-03,+229.8995E-03
+138.0500E-03,+222.3618E-03
+138.3000E-03,+209.7990E-03
+138.5500E-03,+202.2613E-03
+138.8000E-03,+229.8995E-03
+139.0500E-03,+219.8492E-03
+139.3000E-03,+201.0050E-03
+139.5500E-03,+241.2060E-03
+139.8000E-03,+212.3116E-03
+140.0500E-03,+222.3618E-03
+140.3000E-03,+241.2060E-03
+140.5500E-03,+241.2060E-03
+140.8000E-03,+252.5126E-03
+141.0500E-03,+281.4070E-03
+141.3000E-03,+281.4070E-03
+141.5500E-03,+280.1508E-03
+141.8000E-03,+281.4070E-03
+142.0500E-03,+321.6080E-03
+142.3000E-03,+353.0151E-03
+142.5500E-03,+361.8090E-03
+142.8000E-03,+361.8090E-03
+143.0500E-03,+402.0100E-03
+143.3000E-03,+402.0100E-03
+143.5500E-03,+440.9548E-03
+143.8000E-03,+471.1055E-03
+144.0500E-03,+463.5678E-03
+144.3000E-03,+482.4121E-03
+144.5500E-03,+522.6131E-03
+144.8000E-03,+533.9196E-03
+145.0500E-03,+581.6583E-03
+145.3000E-03,+611.8090E-03
+145.5500E-03,+641.9598E-03
+145.8000E-03,+654.5226E-03
+146.0500E-03,+704.7739E-03
+146.3000E-03,+763.8191E-03
+146.5500E-03,+802.7638E-03
+146.8000E-03,+804.0201E-03
+147.0500E-03,+844.2211E-03
+147.3000E-03,+884.4221E-03
+147.5500E-03,+923.3668E-03
+147.8000E-03,+964.8241E-03
+148.0500E-03,+1.0050251E+00
+148.3000E-03,+1.0138191E+00
+148.5500E-03,+1.0452261E+00
+148.8000E-03,+1.0854271E+00
+149.0500E-03,+1.1256281E+00
+149.3000E-03,+1.1344221E+00
+149.5500E-03,+1.2047739E+00
+149.8000E-03,+1.2462311E+00
+150.0500E-03,+1.2675879E+00
+150.3000E-03,+1.2864321E+00
+150.5500E-03,+1.3655779E+00
+150.8000E-03,+1.3668342E+00
+151.0500E-03,+1.4472362E+00
+151.3000E-03,+1.4786432E+00
+151.5500E-03,+1.4886935E+00
+151.8000E-03,+1.5389447E+00
+152.0500E-03,+1.6080402E+00
+152.3000E-03,+1.6080402E+00
+152.5500E-03,+1.6884422E+00
+152.8000E-03,+1.7173367E+00
+153.0500E-03,+1.7688442E+00
+153.3000E-03,+1.8090452E+00
+153.5500E-03,+1.8492462E+00
+153.8000E-03,+1.8894472E+00
+154.0500E-03,+1.9296482E+00
+154.3000E-03,+1.9698492E+00
+154.5500E-03,+2.0100502E+00
+154.8000E-03,+2.0502512E+00
+155.0500E-03,+2.0690955E+00
+155.3000E-03,+2.1306532E+00
+155.5500E-03,+2.1695980E+00
+155.8000E-03,+2.2399497E+00
+156.0500E-03,+2.2512563E+00
+156.3000E-03,+2.2600502E+00
+156.5500E-03,+2.3304020E+00
+156.8000E-03,+2.3605527E+00
+157.0500E-03,+2.3907035E+00
+157.3000E-03,+2.3806532E+00
+157.5500E-03,+2.4522613E+00
+157.8000E-03,+2.4924623E+00
+158.0500E-03,+2.4924623E+00
+158.3000E-03,+2.5326633E+00
+158.5500E-03,+2.5741206E+00
+158.8000E-03,+2.5841708E+00
+159.0500E-03,+2.6130653E+00
+159.3000E-03,+2.6532663E+00
+159.5500E-03,+2.6934673E+00
+159.8000E-03,+2.6934673E+00
+160.0500E-03,+2.7336683E+00
+160.3000E-03,+2.7650753E+00
+160.5500E-03,+2.7738693E+00
+160.8000E-03,+2.7738693E+00
+161.0500E-03,+2.8140703E+00
+161.3000E-03,+2.8140703E+00
+161.5500E-03,+2.8530150E+00
+161.8000E-03,+2.8542713E+00
+162.0500E-03,+2.8542713E+00
+162.3000E-03,+2.8944723E+00
+162.5500E-03,+2.8944723E+00
+162.8000E-03,+2.8944723E+00
+163.0500E-03,+2.8944723E+00
+163.3000E-03,+2.9346733E+00
+163.5500E-03,+2.9334171E+00
+163.8000E-03,+2.9346733E+00
+164.0500E-03,+2.9560301E+00
+164.3000E-03,+2.9346733E+00
+164.5500E-03,+2.9346733E+00
+164.8000E-03,+2.9346733E+00
+165.0500E-03,+2.9346733E+00
+165.3000E-03,+2.9346733E+00
+165.5500E-03,+2.9334171E+00
+165.8000E-03,+2.9346733E+00
+166.0500E-03,+2.9346733E+00
+166.3000E-03,+2.8944723E+00
+166.5500E-03,+2.8932160E+00
+166.8000E-03,+2.8655779E+00
+167.0500E-03,+2.8756281E+00
+167.3000E-03,+2.8542713E+00
+167.5500E-03,+2.8530150E+00
+167.8000E-03,+2.8429648E+00
+168.0500E-03,+2.8140703E+00
+168.3000E-03,+2.7826633E+00
+168.5500E-03,+2.7738693E+00
+168.8000E-03,+2.7336683E+00
+169.0500E-03,+2.7336683E+00
+169.3000E-03,+2.6934673E+00
+169.5500E-03,+2.6922110E+00
+169.8000E-03,+2.6645728E+00
+170.0500E-03,+2.6130653E+00
+170.3000E-03,+2.6130653E+00
+170.5500E-03,+2.5728643E+00
+170.8000E-03,+2.5326633E+00
+171.0500E-03,+2.5113065E+00
+171.3000E-03,+2.4924623E+00
+171.5500E-03,+2.4522613E+00
+171.8000E-03,+2.4007537E+00
+172.0500E-03,+2.3718593E+00
+172.3000E-03,+2.3316583E+00
+172.5500E-03,+2.2914573E+00
+172.8000E-03,+2.2512563E+00
+173.0500E-03,+2.2298995E+00
+173.3000E-03,+2.1796482E+00
+173.5500E-03,+2.1319095E+00
+173.8000E-03,+2.1306532E+00
+174.0500E-03,+2.0904522E+00
+174.3000E-03,+2.0414573E+00
+174.5500E-03,+1.9711055E+00
+174.8000E-03,+1.9698492E+00
+175.0500E-03,+1.9296482E+00
+175.3000E-03,+1.8580402E+00
+175.5500E-03,+1.8090452E+00
+175.8000E-03,+1.7801507E+00
+176.0500E-03,+1.7474874E+00
+176.3000E-03,+1.6884422E+00
+176.5500E-03,+1.6482412E+00
+176.8000E-03,+1.6193467E+00
+177.0500E-03,+1.5678392E+00
+177.3000E-03,+1.5276382E+00
+177.5500E-03,+1.4874372E+00
+177.8000E-03,+1.4472362E+00
+178.0500E-03,+1.4070352E+00
+178.3000E-03,+1.3354271E+00
+178.5500E-03,+1.2876884E+00
+178.8000E-03,+1.2751256E+00
+179.0500E-03,+1.2273869E+00
+179.3000E-03,+1.1972362E+00
+179.5500E-03,+1.1268844E+00
+179.8000E-03,+1.1256281E+00
+180.0500E-03,+1.0665829E+00
+180.3000E-03,+1.0452261E+00
+180.5500E-03,+966.0804E-03
+180.8000E-03,+953.5176E-03
+181.0500E-03,+903.2663E-03
+181.3000E-03,+853.0151E-03
+181.5500E-03,+844.2211E-03
+181.8000E-03,+804.0201E-03
+182.0500E-03,+782.6633E-03
+182.3000E-03,+732.4121E-03
+182.5500E-03,+684.6734E-03
+182.8000E-03,+683.4171E-03
+183.0500E-03,+643.2161E-03
+183.3000E-03,+603.0151E-03
+183.5500E-03,+564.0703E-03
+183.8000E-03,+562.8141E-03
+184.0500E-03,+522.6131E-03
+184.3000E-03,+482.4121E-03
+184.5500E-03,+481.1558E-03
+184.8000E-03,+430.9045E-03
+185.0500E-03,+420.8543E-03
+185.3000E-03,+402.0100E-03
+185.5500E-03,+363.0653E-03
+185.8000E-03,+361.8090E-03
+186.0500E-03,+361.8090E-03
+186.3000E-03,+321.6080E-03
+186.5500E-03,+321.6080E-03
+186.8000E-03,+310.3015E-03
+187.0500E-03,+260.0502E-03
+187.3000E-03,+250.0000E-03
+187.5500E-03,+241.2060E-03
+187.8000E-03,+212.3116E-03
+188.0500E-03,+241.2060E-03
+188.3000E-03,+241.2060E-03
+188.5500E-03,+241.2060E-03
+188.8000E-03,+201.0050E-03
+189.0500E-03,+222.3618E-03
+189.3000E-03,+169.5980E-03
+189.5500E-03,+201.0050E-03
+189.8000E-03,+201.0050E-03
+190.0500E-03,+241.2060E-03
+190.3000E-03,+241.2060E-03
+190.5500E-03,+241.2060E-03
+190.8000E-03,+241.2060E-03
+191.0500E-03,+260.0502E-03
+191.3000E-03,+241.2060E-03
+191.5500E-03,+241.2060E-03
+191.8000E-03,+281.4070E-03
+192.0500E-03,+281.4070E-03
+192.3000E-03,+281.4070E-03
+192.5500E-03,+282.6633E-03
+192.8000E-03,+321.6080E-03
+193.0500E-03,+342.9648E-03
+193.3000E-03,+361.8090E-03
+193.5500E-03,+361.8090E-03
+193.8000E-03,+402.0100E-03
+194.0500E-03,+420.8543E-03
+194.3000E-03,+442.2111E-03
+194.5500E-03,+481.1558E-03
+194.8000E-03,+522.6131E-03
+195.0500E-03,+503.7688E-03
+195.3000E-03,+554.0201E-03
+195.5500E-03,+603.0151E-03
+195.8000E-03,+603.0151E-03
+196.0500E-03,+621.8593E-03
+196.3000E-03,+683.4171E-03
+196.5500E-03,+684.6734E-03
+196.8000E-03,+723.6181E-03
+197.0500E-03,+763.8191E-03
+197.3000E-03,+812.8141E-03
+197.5500E-03,+844.2211E-03
+197.8000E-03,+884.4221E-03
+198.0500E-03,+924.6231E-03
+198.3000E-03,+956.0301E-03
+198.5500E-03,+966.0804E-03
+198.8000E-03,+1.0050251E+00
+199.0500E-03,+1.0452261E+00
+199.3000E-03,+1.0942211E+00
+199.5500E-03,+1.1256281E+00
+199.8000E-03,+1.1658291E+00
+200.0500E-03,+1.2085427E+00
+200.3000E-03,+1.2148241E+00
+200.5500E-03,+1.2474874E+00
+200.8000E-03,+1.2864321E+00
+201.0500E-03,+1.3881909E+00
+201.3000E-03,+1.3668342E+00
+201.5500E-03,+1.4459799E+00
+201.8000E-03,+1.4585427E+00
+202.0500E-03,+1.5087940E+00
+202.3000E-03,+1.5678392E+00
+202.5500E-03,+1.5678392E+00
+202.8000E-03,+1.6080402E+00
+203.0500E-03,+1.6695980E+00
+203.3000E-03,+1.6972362E+00
+203.5500E-03,+1.7688442E+00
+203.8000E-03,+1.7977387E+00
+204.0500E-03,+1.8492462E+00
+204.3000E-03,+1.8580402E+00
+204.5500E-03,+1.9296482E+00
+204.8000E-03,+1.9698492E+00
+205.0500E-03,+1.9912060E+00
+205.3000E-03,+2.0502512E+00
+205.5500E-03,+2.0904522E+00
+205.8000E-03,+2.1017588E+00
+206.0500E-03,+2.1708542E+00
+206.3000E-03,+2.2110553E+00
+206.5500E-03,+2.2123115E+00
+206.8000E-03,+2.2801507E+00
+207.0500E-03,+2.3103015E+00
+207.3000E-03,+2.3316583E+00
+207.5500E-03,+2.3718593E+00
+207.8000E-03,+2.3831658E+00
+208.0500E-03,+2.4120603E+00
+208.3000E-03,+2.4522613E+00
+208.5500E-03,+2.4924623E+00
+208.8000E-03,+2.5326633E+00
+209.0500E-03,+2.5728643E+00
+209.3000E-03,+2.6042713E+00
+209.5500E-03,+2.6130653E+00
+209.8000E-03,+2.6419598E+00
+210.0500E-03,+2.6721105E+00
+210.3000E-03,+2.6934673E+00
+210.5500E-03,+2.7336683E+00
+210.8000E-03,+2.7336683E+00
+211.0500E-03,+2.7738693E+00
+211.3000E-03,+2.8140703E+00
+211.5500E-03,+2.7751256E+00
+211.8000E-03,+2.8140703E+00
+212.0500E-03,+2.8542713E+00
+212.3000E-03,+2.8542713E+00
+212.5500E-03,+2.8932160E+00
+212.8000E-03,+2.8944723E+00
+213.0500E-03,+2.8944723E+00
+213.3000E-03,+2.8944723E+00
+213.5500E-03,+2.8944723E+00
+213.8000E-03,+2.9057789E+00
+214.0500E-03,+2.9346733E+00
+214.3000E-03,+2.9346733E+00
+214.5500E-03,+2.8957286E+00
+214.8000E-03,+2.9346733E+00
+215.0500E-03,+2.9346733E+00
+215.3000E-03,+2.9258794E+00
+215.5500E-03,+2.9346733E+00
+215.8000E-03,+2.9459799E+00
+216.0500E-03,+2.9346733E+00
+216.3000E-03,+2.9346733E+00
+216.5500E-03,+2.9346733E+00
+216.8000E-03,+2.8944723E+00
+217.0500E-03,+2.8542713E+00
+217.3000E-03,+2.8944723E+00
+217.5500E-03,+2.8932160E+00
+217.8000E-03,+2.8542713E+00
+218.0500E-03,+2.8354271E+00
+218.3000E-03,+2.8228643E+00
+218.5500E-03,+2.7751256E+00
+218.8000E-03,+2.7851758E+00
+219.0500E-03,+2.7927135E+00
+219.3000E-03,+2.7738693E+00
+219.5500E-03,+2.7336683E+00
+219.8000E-03,+2.7047738E+00
+220.0500E-03,+2.6934673E+00
+220.3000E-03,+2.6532663E+00
+220.5500E-03,+2.6143216E+00
+220.8000E-03,+2.6130653E+00
+221.0500E-03,+2.5728643E+00
+221.3000E-03,+2.5326633E+00
+221.5500E-03,+2.4924623E+00
+221.8000E-03,+2.4635678E+00
+222.0500E-03,+2.4522613E+00
+222.3000E-03,+2.4120603E+00
+222.5500E-03,+2.3718593E+00
+222.8000E-03,+2.3316583E+00
+223.0500E-03,+2.3103015E+00
+223.3000E-03,+2.2914573E+00
+223.5500E-03,+2.2110553E+00
+223.8000E-03,+2.2110553E+00
+224.0500E-03,+2.1520100E+00
+224.3000E-03,+2.1306532E+00
+224.5500E-03,+2.0515075E+00
+224.8000E-03,+2.0100502E+00
+225.0500E-03,+2.0100502E+00
+225.3000E-03,+1.9698492E+00
+225.5500E-03,+1.8907035E+00
+225.8000E-03,+1.8894472E+00
+226.0500E-03,+1.8278894E+00
+226.3000E-03,+1.8090452E+00
+226.5500E-03,+1.7688442E+00
+226.8000E-03,+1.6997487E+00
+227.0500E-03,+1.6482412E+00
+227.3000E-03,+1.6394472E+00
+227.5500E-03,+1.5665829E+00
+227.8000E-03,+1.5276382E+00
+228.0500E-03,+1.4874372E+00
+228.3000E-03,+1.4472362E+00
+228.5500E-03,+1.4070352E+00
+228.8000E-03,+1.3668342E+00
+229.0500E-03,+1.3266332E+00
+229.3000E-03,+1.2864321E+00
+229.5500E-03,+1.2449749E+00
+229.8000E-03,+1.1771357E+00
+230.0500E-03,+1.1469849E+00
+230.3000E-03,+1.1168342E+00
+230.5500E-03,+1.0854271E+00
+230.8000E-03,+1.0452261E+00
+231.0500E-03,+1.0050251E+00
+231.3000E-03,+964.8241E-03
+231.5500E-03,+924.6231E-03
+231.8000E-03,+895.7286E-03
+232.0500E-03,+844.2211E-03
+232.3000E-03,+804.0201E-03
+232.5500E-03,+765.0754E-03
+232.8000E-03,+723.6181E-03
+233.0500E-03,+702.2613E-03
+233.3000E-03,+652.0100E-03
+233.5500E-03,+604.2714E-03
+233.8000E-03,+614.3216E-03
+234.0500E-03,+584.1708E-03
+234.3000E-03,+562.8141E-03
+234.5500E-03,+522.6131E-03
+234.8000E-03,+511.3065E-03
+235.0500E-03,+482.4121E-03
+235.3000E-03,+473.6181E-03
+235.5500E-03,+442.2111E-03
+235.8000E-03,+402.0100E-03
+236.0500E-03,+383.1658E-03
+236.3000E-03,+361.8090E-03
+236.5500E-03,+360.5528E-03
+236.8000E-03,+350.5025E-03
+237.0500E-03,+300.2513E-03
+237.3000E-03,+321.6080E-03
+237.5500E-03,+282.6633E-03
+237.8000E-03,+270.1005E-03
+238.0500E-03,+262.5628E-03
+238.3000E-03,+241.2060E-03
+238.5500E-03,+241.2060E-03
+238.8000E-03,+241.2060E-03
+239.0500E-03,+241.2060E-03
+239.3000E-03,+241.2060E-03
+239.5500E-03,+201.0050E-03
+239.8000E-03,+201.0050E-03
+240.0500E-03,+201.0050E-03
+240.3000E-03,+201.0050E-03
+240.5500E-03,+201.0050E-03
+240.8000E-03,+241.2060E-03
+241.0500E-03,+241.2060E-03
+241.3000E-03,+232.4121E-03
+241.5500E-03,+241.2060E-03
+241.8000E-03,+270.1005E-03
+242.0500E-03,+260.0502E-03
+242.3000E-03,+250.0000E-03
+242.5500E-03,+281.4070E-03
+242.8000E-03,+292.7136E-03
+243.0500E-03,+300.2513E-03
+243.3000E-03,+312.8141E-03
+243.5500E-03,+321.6080E-03
+243.8000E-03,+373.1156E-03
+244.0500E-03,+361.8090E-03
+244.3000E-03,+402.0100E-03
+244.5500E-03,+402.0100E-03
+244.8000E-03,+442.2111E-03
+245.0500E-03,+442.2111E-03
+245.3000E-03,+482.4121E-03
+245.5500E-03,+521.3568E-03
+245.8000E-03,+533.9196E-03
+246.0500E-03,+581.6583E-03
+246.3000E-03,+603.0151E-03
+246.5500E-03,+604.2714E-03
+246.8000E-03,+672.1105E-03
+247.0500E-03,+704.7739E-03
+247.3000E-03,+723.6181E-03
+247.5500E-03,+763.8191E-03
+247.8000E-03,+804.0201E-03
+248.0500E-03,+822.8643E-03
+248.3000E-03,+844.2211E-03
+248.5500E-03,+884.4221E-03
+248.8000E-03,+935.9296E-03
+249.0500E-03,+964.8241E-03
+249.3000E-03,+1.0050251E+00
+249.5500E-03,+1.0452261E+00
+249.8000E-03,+1.0854271E+00
+250.0500E-03,+1.0854271E+00
+250.3000E-03,+1.1658291E+00
+250.5500E-03,+1.1670854E+00
+250.8000E-03,+1.2060301E+00
+251.0500E-03,+1.2675879E+00
+251.3000E-03,+1.3178392E+00
+251.5500E-03,+1.3278894E+00
+251.8000E-03,+1.3668342E+00
+252.0500E-03,+1.4070352E+00
+252.3000E-03,+1.4472362E+00
+252.5500E-03,+1.4874372E+00
+252.8000E-03,+1.5678392E+00
+253.0500E-03,+1.5891960E+00
+253.3000E-03,+1.6080402E+00
+253.5500E-03,+1.6494975E+00
+253.8000E-03,+1.6997487E+00
+254.0500E-03,+1.7688442E+00
+254.3000E-03,+1.8090452E+00
+254.5500E-03,+1.8479899E+00
+254.8000E-03,+1.8894472E+00
+255.0500E-03,+1.9082914E+00
+255.3000E-03,+1.9384422E+00
+255.5500E-03,+2.0100502E+00
+255.8000E-03,+2.0213568E+00
+256.0500E-03,+2.0502512E+00
+256.3000E-03,+2.1218593E+00
+256.5500E-03,+2.1695980E+00
+256.8000E-03,+2.1708542E+00
+257.0500E-03,+2.2110553E+00
+257.3000E-03,+2.2512563E+00
+257.5500E-03,+2.2914573E+00
+257.8000E-03,+2.3316583E+00
+258.0500E-03,+2.3530151E+00
+258.3000E-03,+2.4120603E+00
+258.5500E-03,+2.4510050E+00
+258.8000E-03,+2.4522613E+00
+259.0500E-03,+2.4924623E+00
+259.3000E-03,+2.5326633E+00
+259.5500E-03,+2.5728643E+00
+259.8000E-03,+2.5728643E+00
+260.0500E-03,+2.6319095E+00
+260.3000E-03,+2.6532663E+00
+260.5500E-03,+2.6532663E+00
+260.8000E-03,+2.6934673E+00
+261.0500E-03,+2.6934673E+00
+261.3000E-03,+2.7336683E+00
+261.5500E-03,+2.7336683E+00
+261.8000E-03,+2.7738693E+00
+262.0500E-03,+2.7738693E+00
+262.3000E-03,+2.8140703E+00
+262.5500E-03,+2.8530150E+00
+262.8000E-03,+2.8542713E+00
+263.0500E-03,+2.8542713E+00
+263.3000E-03,+2.8630653E+00
+263.5500E-03,+2.8944723E+00
+263.8000E-03,+2.8944723E+00
+264.0500E-03,+2.8944723E+00
+264.3000E-03,+2.8944723E+00
+264.5500E-03,+2.9736181E+00
+264.8000E-03,+2.9057789E+00
+265.0500E-03,+2.9346733E+00
+265.3000E-03,+2.9346733E+00
+265.5500E-03,+2.9346733E+00
+265.8000E-03,+2.9346733E+00
+266.0500E-03,+2.9346733E+00
+266.3000E-03,+2.9660804E+00
+266.5500E-03,+2.9346733E+00
+266.8000E-03,+2.9057789E+00
+267.0500E-03,+2.9133166E+00
+267.3000E-03,+2.8944723E+00
+267.5500E-03,+2.8944723E+00
+267.8000E-03,+2.8944723E+00
+268.0500E-03,+2.8944723E+00
+268.3000E-03,+2.8542713E+00
+268.5500E-03,+2.8530150E+00
+268.8000E-03,+2.8429648E+00
+269.0500E-03,+2.8140703E+00
+269.3000E-03,+2.8140703E+00
+269.5500E-03,+2.7751256E+00
+269.8000E-03,+2.7738693E+00
+270.0500E-03,+2.7525125E+00
+270.3000E-03,+2.7022613E+00
+270.5500E-03,+2.6934673E+00
+270.8000E-03,+2.6532663E+00
+271.0500E-03,+2.6532663E+00
+271.3000E-03,+2.6130653E+00
+271.5500E-03,+2.5728643E+00
+271.8000E-03,+2.5439698E+00
+272.0500E-03,+2.5138191E+00
+272.3000E-03,+2.4924623E+00
+272.5500E-03,+2.4522613E+00
+272.8000E-03,+2.4522613E+00
+273.0500E-03,+2.3718593E+00
+273.3000E-03,+2.3630653E+00
+273.5500E-03,+2.3316583E+00
+273.8000E-03,+2.2914573E+00
+274.0500E-03,+2.2512563E+00
+274.3000E-03,+2.2198492E+00
+274.5500E-03,+2.1708542E+00
+274.8000E-03,+2.1306532E+00
+275.0500E-03,+2.0904522E+00
+275.3000E-03,+2.0502512E+00
+275.5500E-03,+2.0100502E+00
+275.8000E-03,+1.9698492E+00
+276.0500E-03,+1.9510050E+00
+276.3000E-03,+1.8894472E+00
+276.5500E-03,+1.8492462E+00
+276.8000E-03,+1.8203517E+00
+277.0500E-03,+1.7474874E+00
+277.3000E-03,+1.7286432E+00
+277.5500E-03,+1.6482412E+00
+277.8000E-03,+1.6080402E+00
+278.0500E-03,+1.5678392E+00
+278.3000E-03,+1.5364321E+00
+278.5500E-03,+1.4886935E+00
+278.8000E-03,+1.4761306E+00
+279.0500E-03,+1.4283919E+00
+279.3000E-03,+1.3668342E+00
+279.5500E-03,+1.3278894E+00
+279.8000E-03,+1.2864321E+00
+280.0500E-03,+1.2462311E+00
+280.3000E-03,+1.2060301E+00
+280.5500E-03,+1.1658291E+00
+280.8000E-03,+1.1545226E+00
+281.0500E-03,+1.0854271E+00
+281.3000E-03,+1.0452261E+00
+281.5500E-03,+1.0050251E+00
+281.8000E-03,+935.9296E-03
+282.0500E-03,+924.6231E-03
+282.3000E-03,+915.8291E-03
+282.5500E-03,+845.4774E-03
+282.8000E-03,+844.2211E-03
+283.0500E-03,+785.1759E-03
+283.3000E-03,+763.8191E-03
+283.5500E-03,+723.6181E-03
+283.8000E-03,+683.4171E-03
+284.0500E-03,+662.0603E-03
+284.3000E-03,+603.0151E-03
+284.5500E-03,+603.0151E-03
+284.8000E-03,+574.1206E-03
+285.0500E-03,+522.6131E-03
+285.3000E-03,+522.6131E-03
+285.5500E-03,+482.4121E-03
+285.8000E-03,+453.5176E-03
+286.0500E-03,+442.2111E-03
+286.3000E-03,+410.8040E-03
+286.5500E-03,+400.7538E-03
+286.8000E-03,+361.8090E-03
+287.0500E-03,+361.8090E-03
+287.3000E-03,+321.6080E-03
+287.5500E-03,+320.3518E-03
+287.8000E-03,+310.3015E-03
+288.0500E-03,+281.4070E-03
+288.3000E-03,+281.4070E-03
+288.5500E-03,+281.4070E-03
+288.8000E-03,+241.2060E-03
+289.0500E-03,+241.2060E-03
+289.3000E-03,+241.2060E-03
+289.5500E-03,+239.9497E-03
+289.8000E-03,+229.8995E-03
+290.0500E-03,+222.3618E-03
+290.3000E-03,+209.7990E-03
+290.5500E-03,+201.0050E-03
+290.8000E-03,+229.8995E-03
+291.0500E-03,+201.0050E-03
+291.3000E-03,+209.7990E-03
+291.5500E-03,+241.2060E-03
+291.8000E-03,+212.3116E-03
+292.0500E-03,+241.2060E-03
+292.3000E-03,+241.2060E-03
+292.5500E-03,+241.2060E-03
+292.8000E-03,+252.5126E-03
+293.0500E-03,+281.4070E-03
+293.3000E-03,+281.4070E-03
+293.5500E-03,+282.6633E-03
+293.8000E-03,+321.6080E-03
+294.0500E-03,+342.9648E-03
+294.3000E-03,+321.6080E-03
+294.5500E-03,+400.7538E-03
+294.8000E-03,+361.8090E-03
+295.0500E-03,+420.8543E-03
+295.3000E-03,+442.2111E-03
+295.5500E-03,+442.2111E-03
